publication_title,print_identifier,online_identifier,date_first_issue_online,num_first_vol_online,num_first_issue_online,date_last_issue_online,num_last_vol_online,num_last_issue_online,title_url,first_author,title_id,embargo_info,coverage_depth,coverage_notes,publisher_name
"AMB Express","","2191-0855",2011-01-01,,,,,,"http://www.amb-express.com",,"","","fulltext","OA","Springer Berlin Heidelberg"
"Annals of Intensive Care","","2110-5820",2011-01-01,,,,,,"http://www.annalsofintensivecare.com",,"","","fulltext","OA","Springer Paris"
"Chemistry Central Journal","","1752-153X",2007-01-01,,,,,,"http://journal.chemistrycentral.com/",,"","","fulltext","OA","Chemistry Central"
"EJNMMI Research","","2191-219X",2011-01-01,,,,,,"http://www.ejnmmires.com",,"","","fulltext","OA","Springer Berlin Heidelberg"
"EURASIP Journal on Bioinformatics and Systems Biology","","1687-4153",2011-01-01,,,,,,"http://bsb.eurasipjournals.com",,"","","fulltext","OA","Springer International Publishing, CH"
"Geochemical Transactions","","1467-4866",2000-01-01,,,,,,"http://www.geochemicaltransactions.com",,"","","fulltext","OA","Chemistry Central"
"International Aquatic Research","","2008-6970",2011-01-01,,,,,,"http://www.intaquares.com",,"","","fulltext","OA","Springer Berlin Heidelberg"
"International Journal of Emergency Medicine","","1865-1380",2011-01-01,,,,,,"http://www.intjem.com",,"","","fulltext","OA","Springer London"
"Journal of Cheminformatics","","1758-2946",2009-01-01,,,,,,"http://www.jcheminf.com",,"","","fulltext","OA","Chemistry Central"
"Journal of Systems Chemistry","","1759-2208",2010-01-01,,,,,,"http://www.jsystchem.com",,"","","fulltext","OA","Chemistry Central"
"Optical Nanoscopy","","2192-2853",2011-01-01,,,,,,"http://www.optnano.com",,"","","fulltext","OA","Springer Berlin Heidelberg"
"SpringerPlus","","2193-1801",2011-01-01,,,,,,"http://www.springerplus.com",,"","","fulltext","OA","Springer International Publishing, CH"
"The Journal of Mathematical Neuroscience","","2190-8567",2010-01-01,,,,,,"http://www.mathematical-neuroscience.com",,"","","fulltext","OA","Springer Berlin Heidelberg"
"Journal of Biomedical Science ","1021-7770","1423-0127",2009-01-01,,,,,,"http://www.jbiomedsci.com",,"","","fulltext","OA","S. Karger AG"
"Environmental Sciences Europe","","2190-4715",2011-01-01,,,,,,"http://www.enveurope.com",,"","","fulltext","OA","Springer Berlin Heidelberg"
"Rice","","1939-8433",2011-01-01,,,,,,"http://www.thericejournal.com",,"","","fulltext","OA","Springer New York"
"The EPMA Journal","","1878-5085",2012-01-01,,,,,,"http://www.epmajournal.com",,"","","fulltext","OA","Springer Netherlands"
"The HUGO Journal","","1877-6566",2011-01-01,,,,,,"http://www.thehugojournal.com",,"","","fulltext","OA","Springer Netherlands"
"Critical Ultrasound Journal","","2036-7902",2011-01-01,,,,,,"http://www.criticalultrasoundjournal.com",,"","","fulltext","OA","Springer Milan"
"Alzheimer's Research & Therapy","","1758-9193",2009-01-01,,,,,,"http://alzres.com",,"","BMC subscription-based content has an embargo period of 12 months and is freely available thereafter.","fulltext","","BioMed Central Ltd"
"Arthritis Research & Therapy","","1478-6354",1999-01-01,,,,,,"http://arthritis-research.com/",,"","BMC subscription-based content has an embargo period of 12 months and is freely available thereafter.","fulltext","","BioMed Central Ltd"
"Breast Cancer Research","","1465-5411",1999-01-01,,,,,,"http://breast-cancer-research.com/",,"","BMC subscription-based content has an embargo period of 12 months and is freely available thereafter.","fulltext","","BioMed Central Ltd"
"Critical Care","","1364-8535",1997-01-01,,,,,,"http://ccforum.com/",,"","BMC subscription-based content has an embargo period of 6 months for Critical Care and is freely available thereafter.","fulltext","","BioMed Central Ltd"
"Genome Biology","","1465-6906",2000-01-01,,,,,,"http://genomebiology.com",,"","BMC subscription-based content has an embargo period of 12 months and is freely available thereafter.","fulltext","","BioMed Central Ltd"
"Genome Medicine","","1756-994X",2009-01-01,,,,,,"http://genomemedicine.com",,"","BMC subscription-based content has an embargo period of 12 months and is freely available thereafter.","fulltext","","BioMed Central Ltd"
"Stem Cell Research & Therapy","","1757-6512",2010-01-01,,,,,,"http://stemcellres.com",,"","BMC subscription-based content has an embargo period of 12 months and is freely available thereafter.","fulltext","","BioMed Central Ltd"
"Biology Image Library","","1748-8141",,,,,,,"http://www.biologyimagelibrary.com/",,"","","fulltext","","BioMed Central Ltd"
"AIDS Research and Therapy","","1742-6405",2004-01-01,,,,,,"http://www.aidsrestherapy.com",,"","","fulltext","OA","BioMed Central Ltd"
"Acta Veterinaria Scandinavica","","1751-0147",2006-01-01,,,,,,"http://www.actavetscand.com",,"","","fulltext","OA","BioMed Central Ltd"
"Addiction Science & Clinical Practice","","1940-0640",2011-01-01,,,,,,"http://www.ascpjournal.org",,"","","fulltext","OA","BioMed Central Ltd"
"Agriculture & Food Security","","2048-7010",2012-01-01,,,,,,"http://www.agricultureandfoodsecurity.com",,"","","fulltext","OA","BioMed Central Ltd"
"Algorithms for Molecular Biology","","1748-7188",2006-01-01,,,,,,"http://www.almob.org",,"","","fulltext","OA","BioMed Central Ltd"
"Allergy, Asthma & Clinical Immunology","","1710-1492",2009-01-01,,,,,,"http://www.aacijournal.com",,"","","fulltext","OA","BioMed Central Ltd"
"Annals of Clinical Microbiology and Antimicrobials","","1476-0711",2002-01-01,,,,,,"http://www.ann-clinmicrob.com",,"","","fulltext","OA","BioMed Central Ltd"
"Annals of General Psychiatry","","1744-859X",2002-01-01,,,,,,"http://www.annals-general-psychiatry.com",,"","","fulltext","OA","BioMed Central Ltd"
"Annals of Surgical Innovation and Research","","1750-1164",2007-01-01,,,,,,"http://www.asir-journal.com",,"","","fulltext","OA","BioMed Central Ltd"
"Antimicrobial Resistance and Infection Control","","2047-2994",2011-01-01,,,,,,"http://www.aricjournal.com",,"","","fulltext","OA","BioMed Central Ltd"
"Aquatic Biosystems","","2046-9063",2005-01-01,,,,,,"http://www.aquaticbiosystems.org",,"","","fulltext","OA","BioMed Central Ltd"
"Archives of Public Health","","0778-7367",1997-01-01,,,,,,"http://www.archpublichealth.com",,"","","fulltext","OA","BioMed Central Ltd"
"Asia Pacific Family Medicine","","1447-056X",2002-01-01,,,,,,"http://www.apfmj.com",,"","","fulltext","OA","BioMed Central Ltd"
"Australia and New Zealand Health Policy","","1743-8462",2004-01-01,,,,,,"http://www.anzhealthpolicy.com",,"","","fulltext","OA","BioMed Central Ltd"
"Automated Experimentation","","1759-4499",2009-01-01,,,,,,"http://www.aejournal.net",,"","","fulltext","OA","BioMed Central Ltd"
"BMC Anesthesiology","","1471-2253",2001-01-01,,,,,,"http://www.biomedcentral.com/bmcanesthesiol/",,"","","fulltext","OA","BioMed Central Ltd"
"BMC Biochemistry","","1471-2091",2000-01-01,,,,,,"http://www.biomedcentral.com/bmcbiochem/",,"","","fulltext","OA","BioMed Central Ltd"
"BMC Bioinformatics","","1471-2105",2000-01-01,,,,,,"http://www.biomedcentral.com/bmcbioinformatics/",,"","","fulltext","OA","BioMed Central Ltd"
"BMC Biology","","1741-7007",2003-01-01,,,,,,"http://www.biomedcentral.com/bmcbiol/",,"","","fulltext","OA","BioMed Central Ltd"
"BMC Biophysics","","2046-1682",2011-01-01,,,,,,"http://www.biomedcentral.com/bmcbiophys",,"","","fulltext","OA","BioMed Central Ltd"
"BMC Biotechnology","","1472-6750",2001-01-01,,,,,,"http://www.biomedcentral.com/bmcbiotechnol/",,"","","fulltext","OA","BioMed Central Ltd"
"BMC Blood Disorders","","1471-2326",2001-01-01,,,,,,"http://www.biomedcentral.com/bmcblooddisord/",,"","","fulltext","OA","BioMed Central Ltd"
"BMC Cancer","","1471-2407",2001-01-01,,,,,,"http://www.biomedcentral.com/bmccancer/",,"","","fulltext","OA","BioMed Central Ltd"
"BMC Cardiovascular Disorders","","1471-2261",2001-01-01,,,,,,"http://www.biomedcentral.com/bmccardiovascdisord/",,"","","fulltext","OA","BioMed Central Ltd"
"BMC Cell Biology","","1471-2121",2000-01-01,,,,,,"http://www.biomedcentral.com/bmccellbiol/",,"","","fulltext","OA","BioMed Central Ltd"
"BMC Chemical Biology","","1472-6769",2001-01-01,,,,,,"http://www.biomedcentral.com/bmcchembiol/",,"","","fulltext","OA","BioMed Central Ltd"
"BMC Clinical Pathology","","1472-6890",2001-01-01,,,,,,"http://www.biomedcentral.com/bmcclinpathol/",,"","","fulltext","OA","BioMed Central Ltd"
"BMC Complementary and Alternative Medicine","","1472-6882",2001-01-01,,,,,,"http://www.biomedcentral.com/bmccomplementalternmed/",,"","","fulltext","OA","BioMed Central Ltd"
"BMC Dermatology","","1471-5945",2001-01-01,,,,,,"http://www.biomedcentral.com/bmcdermatol/",,"","","fulltext","OA","BioMed Central Ltd"
"BMC Developmental Biology","","1471-213X",2001-01-01,,,,,,"http://www.biomedcentral.com/bmcdevbiol/",,"","","fulltext","OA","BioMed Central Ltd"
"BMC Ear, Nose and Throat Disorders","","1472-6815",2001-01-01,,,,,,"http://www.biomedcentral.com/bmcearnosethroatdisord/",,"","","fulltext","OA","BioMed Central Ltd"
"BMC Ecology","","1472-6785",2001-01-01,,,,,,"http://www.biomedcentral.com/bmcecol/",,"","","fulltext","OA","BioMed Central Ltd"
"BMC Emergency Medicine","","1471-227X",2001-01-01,,,,,,"http://www.biomedcentral.com/bmcemergmed/",,"","","fulltext","OA","BioMed Central Ltd"
"BMC Endocrine Disorders","","1472-6823",2001-01-01,,,,,,"http://www.biomedcentral.com/bmcendocrdisord/",,"","","fulltext","OA","BioMed Central Ltd"
"BMC Evolutionary Biology","","1471-2148",2001-01-01,,,,,,"http://www.biomedcentral.com/bmcevolbiol/",,"","","fulltext","OA","BioMed Central Ltd"
"BMC Family Practice","","1471-2296",2000-01-01,,,,,,"http://www.biomedcentral.com/bmcfampract/",,"","","fulltext","OA","BioMed Central Ltd"
"BMC Gastroenterology","","1471-230X",2001-01-01,,,,,,"http://www.biomedcentral.com/bmcgastroenterol/",,"","","fulltext","OA","BioMed Central Ltd"
"BMC Genetics","","1471-2156",2000-01-01,,,,,,"http://www.biomedcentral.com/bmcgenet/",,"","","fulltext","OA","BioMed Central Ltd"
"BMC Genomics","","1471-2164",2000-01-01,,,,,,"http://www.biomedcentral.com/bmcgenomics/",,"","","fulltext","OA","BioMed Central Ltd"
"BMC Geriatrics","","1471-2318",2001-01-01,,,,,,"http://www.biomedcentral.com/bmcgeriatr/",,"","","fulltext","OA","BioMed Central Ltd"
"BMC Health Services Research","","1472-6963",2001-01-01,,,,,,"http://www.biomedcentral.com/bmchealthservres/",,"","","fulltext","OA","BioMed Central Ltd"
"BMC Immunology","","1471-2172",2000-01-01,,,,,,"http://www.biomedcentral.com/bmcimmunol/",,"","","fulltext","OA","BioMed Central Ltd"
"BMC Infectious Diseases","","1471-2334",2001-01-01,,,,,,"http://www.biomedcentral.com/bmcinfectdis/",,"","","fulltext","OA","BioMed Central Ltd"
"BMC International Health and Human Rights","","1472-698X",2001-01-01,,,,,,"http://www.biomedcentral.com/bmcinthealthhumrights/",,"","","fulltext","OA","BioMed Central Ltd"
"BMC Medical Education","","1472-6920",2001-01-01,,,,,,"http://www.biomedcentral.com/bmcmededuc/",,"","","fulltext","OA","BioMed Central Ltd"
"BMC Medical Ethics","","1472-6939",2000-01-01,,,,,,"http://www.biomedcentral.com/bmcmedethics/",,"","","fulltext","OA","BioMed Central Ltd"
"BMC Medical Genetics","","1471-2350",2000-01-01,,,,,,"http://www.biomedcentral.com/bmcmedgenet/",,"","","fulltext","OA","BioMed Central Ltd"
"BMC Medical Genomics","","1755-8794",2008-01-01,,,,,,"http://www.biomedcentral.com/bmcmedgenomics/",,"","","fulltext","OA","BioMed Central Ltd"
"BMC Medical Imaging","","1471-2342",2001-01-01,,,,,,"http://www.biomedcentral.com/bmcmedimaging/",,"","","fulltext","OA","BioMed Central Ltd"
"BMC Medical Informatics and Decision Making","","1472-6947",2001-01-01,,,,,,"http://www.biomedcentral.com/bmcmedinformdecismak/",,"","","fulltext","OA","BioMed Central Ltd"
"BMC Medical Physics","","1756-6649",2001-01-01,,,,,,"http://www.biomedcentral.com/bmcmedphys/",,"","","fulltext","OA","BioMed Central Ltd"
"BMC Medical Research Methodology","","1471-2288",2001-01-01,,,,,,"http://www.biomedcentral.com/bmcmedresmethodol/",,"","","fulltext","OA","BioMed Central Ltd"
"BMC Medicine","","1741-7015",2003-01-01,,,,,,"http://www.biomedcentral.com/bmcmed/",,"","","fulltext","OA","BioMed Central Ltd"
"BMC Microbiology","","1471-2180",2001-01-01,,,,,,"http://www.biomedcentral.com/bmcmicrobiol/",,"","","fulltext","OA","BioMed Central Ltd"
"BMC Molecular Biology","","1471-2199",2000-01-01,,,,,,"http://www.biomedcentral.com/bmcmolbiol/",,"","","fulltext","OA","BioMed Central Ltd"
"BMC Musculoskeletal Disorders","","1471-2474",2000-01-01,,,,,,"http://www.biomedcentral.com/bmcmusculoskeletdisord/",,"","","fulltext","OA","BioMed Central Ltd"
"BMC Nephrology","","1471-2369",2000-01-01,,,,,,"http://www.biomedcentral.com/bmcnephrol/",,"","","fulltext","OA","BioMed Central Ltd"
"BMC Neurology","","1471-2377",2001-01-01,,,,,,"http://www.biomedcentral.com/bmcneurol/",,"","","fulltext","OA","BioMed Central Ltd"
"BMC Neuroscience","","1471-2202",2000-01-01,,,,,,"http://www.biomedcentral.com/bmcneurosci/",,"","","fulltext","OA","BioMed Central Ltd"
"BMC Nursing","","1472-6955",2002-01-01,,,,,,"http://www.biomedcentral.com/bmcnurs/",,"","","fulltext","OA","BioMed Central Ltd"
"BMC Ophthalmology","","1471-2415",2001-01-01,,,,,,"http://www.biomedcentral.com/bmcophthalmol/",,"","","fulltext","OA","BioMed Central Ltd"
"BMC Oral Health","","1472-6831",2001-01-01,,,,,,"http://www.biomedcentral.com/bmcoralhealth/",,"","","fulltext","OA","BioMed Central Ltd"
"BMC Palliative Care","","1472-684X",2002-01-01,,,,,,"http://www.biomedcentral.com/bmcpalliatcare/",,"","","fulltext","OA","BioMed Central Ltd"
"BMC Pediatrics","","1471-2431",2001-01-01,,,,,,"http://www.biomedcentral.com/bmcpediatr/",,"","","fulltext","OA","BioMed Central Ltd"
"BMC Pharmacology","","1471-2210",2001-01-01,,,,,,"http://www.biomedcentral.com/bmcpharmacol/",,"","","fulltext","OA","BioMed Central Ltd"
"BMC Pharmacology and Toxicology","","2050-6511",2001-01-01,,,,,,"http://www.biomedcentral.com/bmcpharmacoltoxicol",,"","","fulltext","OA","BioMed Central Ltd"
"BMC Physiology","","1472-6793",2001-01-01,,,,,,"http://www.biomedcentral.com/bmcphysiol/",,"","","fulltext","OA","BioMed Central Ltd"
"BMC Plant Biology","","1471-2229",2001-01-01,,,,,,"http://www.biomedcentral.com/bmcplantbiol/",,"","","fulltext","OA","BioMed Central Ltd"
"BMC Pregnancy and Childbirth","","1471-2393",2001-01-01,,,,,,"http://www.biomedcentral.com/bmcpregnancychildbirth/",,"","","fulltext","OA","BioMed Central Ltd"
"BMC Proceedings","","1753-6561",2007-01-01,,,,,,"http://www.biomedcentral.com/bmcproc/",,"","","fulltext","OA","BioMed Central Ltd"
"BMC Psychiatry","","1471-244X",2001-01-01,,,,,,"http://www.biomedcentral.com/bmcpsychiatry/",,"","","fulltext","OA","BioMed Central Ltd"
"BMC Public Health","","1471-2458",2001-01-01,,,,,,"http://www.biomedcentral.com/bmcpublichealth/",,"","","fulltext","OA","BioMed Central Ltd"
"BMC Pulmonary Medicine","","1471-2466",2001-01-01,,,,,,"http://www.biomedcentral.com/bmcpulmmed/",,"","","fulltext","OA","BioMed Central Ltd"
"BMC Research Notes","","1756-0500",2008-01-01,,,,,,"http://www.biomedcentral.com/bmcresnotes/",,"","","fulltext","OA","BioMed Central Ltd"
"BMC Structural Biology","","1472-6807",2001-01-01,,,,,,"http://www.biomedcentral.com/bmcstructbiol/",,"","","fulltext","OA","BioMed Central Ltd"
"BMC Surgery","","1471-2482",2001-01-01,,,,,,"http://www.biomedcentral.com/bmcsurg/",,"","","fulltext","OA","BioMed Central Ltd"
"BMC Systems Biology","","1752-0509",2007-01-01,,,,,,"http://www.biomedcentral.com/bmcsystbiol/",,"","","fulltext","OA","BioMed Central Ltd"
"BMC Urology","","1471-2490",2001-01-01,,,,,,"http://www.biomedcentral.com/bmcurol/",,"","","fulltext","OA","BioMed Central Ltd"
"BMC Veterinary Research","","1746-6148",2005-01-01,,,,,,"http://www.biomedcentral.com/bmcvetres/",,"","","fulltext","OA","BioMed Central Ltd"
"BMC Women's Health","","1472-6874",2001-01-01,,,,,,"http://www.biomedcentral.com/bmcwomenshealth/",,"","","fulltext","OA","BioMed Central Ltd"
"Behavioral and Brain Functions","","1744-9081",2005-01-01,,,,,,"http://www.behavioralandbrainfunctions.com",,"","","fulltext","OA","BioMed Central Ltd"
"Beilstein Journal of Organic Chemistry","","1860-5397",2005-01-01,,,,,,"http://archive.biomedcentral.com/1860-5397/",,"","","fulltext","OA",""
"BioData Mining","","1756-0381",2008-01-01,,,,,,"http://www.biodatamining.org/",,"","","fulltext","OA","BioMed Central Ltd"
"BioMagnetic Research and Technology","","1477-044X",2003-01-01,,,,,,"http://www.biomagres.com",,"","","fulltext","OA","BioMed Central Ltd"
"BioMedical Engineering OnLine","","1475-925X",2002-01-01,,,,,,"http://www.biomedical-engineering-online.com",,"","","fulltext","OA","BioMed Central Ltd"
"BioPsychoSocial Medicine","","1751-0759",2007-01-01,,,,,,"http://www.bpsmedicine.com",,"","","fulltext","OA","BioMed Central Ltd"
"Biological Procedures Online","","1480-9222",2009-01-01,,,,,,"http://www.biologicalproceduresonline.com",,"","","fulltext","OA","BioMed Central Ltd"
"Biology Direct","","1745-6150",2006-01-01,,,,,,"http://www.biology-direct.com",,"","","fulltext","OA","BioMed Central Ltd"
"Biology of Mood & Anxiety Disorders","","2045-5380",2011-01-01,,,,,,"http://www.biolmoodanxietydisord.com",,"","","fulltext","OA","BioMed Central Ltd"
"Biology of Sex Differences","","2042-6410",2010-01-01,,,,,,"http://www.bsd-journal.com",,"","","fulltext","OA","BioMed Central Ltd"
"Biomedical Digital Libraries","","1742-5581",2004-01-01,,,,,,"http://www.bio-diglib.com",,"","","fulltext","OA","BioMed Central Ltd"
"Biotechnology for Biofuels","","1754-6834",2008-01-01,,,,,,"http://www.biotechnologyforbiofuels.com",,"","","fulltext","OA","BioMed Central Ltd"
"Cancer Cell International","","1475-2867",2001-01-01,,,,,,"http://www.cancerci.com",,"","","fulltext","OA","BioMed Central Ltd"
"Carbon Balance and Management","","1750-0680",2006-01-01,,,,,,"http://www.cbmjournal.com",,"","","fulltext","OA","BioMed Central Ltd"
"Cardiovascular Diabetology","","1475-2840",2002-01-01,,,,,,"http://www.cardiab.com",,"","","fulltext","OA","BioMed Central Ltd"
"Cardiovascular Ultrasound","","1476-7120",2003-01-01,,,,,,"http://www.cardiovascularultrasound.com",,"","","fulltext","OA","BioMed Central Ltd"
"Cases Journal","","1757-1626",2008-01-01,,,,,,"http://www.casesjournal.com",,"","","fulltext","OA","BioMed Central Ltd"
"Cell & Bioscience","","2045-3701",2010-01-01,,,,,,"http://www.cellandbioscience.com",,"","","fulltext","OA","BioMed Central Ltd"
"Cell & Chromosome","","1475-9268",2002-01-01,,,,,,"http://www.cellandchromosome.com",,"","","fulltext","OA","BioMed Central Ltd"
"Cell Communication and Signaling","","1478-811X",2003-01-01,,,,,,"http://www.biosignaling.com",,"","","fulltext","OA","BioMed Central Ltd"
"Cell Division","","1747-1028",2006-01-01,,,,,,"http://www.celldiv.com",,"","","fulltext","OA","BioMed Central Ltd"
"Cell Regeneration","","2045-9769",2012-01-01,,,,,,"http://www.cellregenerationjournal.com",,"","","fulltext","OA","BioMed Central Ltd"
"Child and Adolescent Psychiatry and Mental Health","","1753-2000",2007-01-01,,,,,,"http://www.capmh.com",,"","","fulltext","OA","BioMed Central Ltd"
"Chinese Medicine","","1749-8546",2006-01-01,,,,,,"http://www.cmjournal.org",,"","","fulltext","OA","BioMed Central Ltd"
"Chiropractic & Manual Therapies","","2045-709X",1992-01-01,,,,,,"http://www.chiromt.com",,"","","fulltext","OA","BioMed Central Ltd"
"Cilia","","2046-2530",2012-01-01,,,,,,"http://www.ciliajournal.com",,"","","fulltext","OA","BioMed Central Ltd"
"Clinical Epigenetics","","1868-7083",2011-01-01,,,,,,"http://www.clinicalepigeneticsjournal.com",,"","","fulltext","OA","BioMed Central Ltd"
"Clinical Practice and Epidemiology in Mental Health","","1745-0179",2005-01-01,,,,,,"http://www.cpementalhealth.com",,"","","fulltext","OA","BioMed Central Ltd"
"Clinical Proteomics","","1559-0275",2011-01-01,,,,,,"http://www.clinicalproteomicsjournal.com",,"","","fulltext","OA","BioMed Central Ltd"
"Clinical Sarcoma Research","","2045-3329",2010-01-01,,,,,,"http://www.clinicalsarcomaresearch.com",,"","","fulltext","OA","BioMed Central Ltd"
"Clinical and Molecular Allergy","","1476-7961",2003-01-01,,,,,,"http://www.clinicalmolecularallergy.com",,"","","fulltext","OA","BioMed Central Ltd"
"Clinical and Translational Allergy","","2045-7022",2011-01-01,,,,,,"http://www.ctajournal.com",,"","","fulltext","OA","BioMed Central Ltd"
"Clinical and Translational Medicine","","2001-1326",2012-01-01,,,,,,"http://www.clintransmed.com",,"","","fulltext","OA","Springer"
"Comparative Hepatology","","1476-5926",2002-01-01,,,,,,"http://www.comparative-hepatology.com",,"","","fulltext","OA","BioMed Central Ltd"
"Conflict and Health","","1752-1505",2007-01-01,,,,,,"http://www.conflictandhealth.com",,"","","fulltext","OA","BioMed Central Ltd"
"Cost Effectiveness and Resource Allocation","","1478-7547",2003-01-01,,,,,,"http://www.resource-allocation.com",,"","","fulltext","OA","BioMed Central Ltd"
"Cough","","1745-9974",2005-01-01,,,,,,"http://www.coughjournal.com",,"","","fulltext","OA","BioMed Central Ltd"
"CytoJournal","","1742-6413",2004-01-01,,,,,,"http://www.cytojournal.com",,"","","fulltext","OA","BioMed Central Ltd"
"DARU Journal of Pharmaceutical Sciences","","2008-2231",2012-01-01,,,,,,"http://www.darujps.com",,"","","fulltext","OA","BioMed Central Ltd"
"Diabetology & Metabolic Syndrome","","1758-5996",2009-01-01,,,,,,"http://www.dmsjournal.com",,"","","fulltext","OA","BioMed Central Ltd"
"Diagnostic Pathology","","1746-1596",2006-01-01,,,,,,"http://www.diagnosticpathology.org",,"","","fulltext","OA","BioMed Central Ltd"
"Dynamic Medicine","","1476-5918",2002-01-01,,,,,,"http://www.dynamic-med.com",,"","","fulltext","OA","BioMed Central Ltd"
"Emerging Themes in Epidemiology","","1742-7622",2004-01-01,,,,,,"http://www.ete-online.com",,"","","fulltext","OA","BioMed Central Ltd"
"Environmental Evidence","","2047-2382",2011-01-01,,,,,,"http://www.environmentalevidencejournal.org",,"","","fulltext","OA","BioMed Central Ltd"
"Environmental Health","","1476-069X",2002-01-01,,,,,,"http://www.ehjournal.net",,"","","fulltext","OA","BioMed Central Ltd"
"Epidemiologic Perspectives & Innovations","","1742-5573",2004-01-01,,,,,,"http://www.epi-perspectives.com",,"","","fulltext","OA","BioMed Central Ltd"
"Epigenetics & Chromatin","","1756-8935",2008-01-01,,,,,,"http://www.epigeneticsandchromatin.com",,"","","fulltext","OA","BioMed Central Ltd"
"European Journal of Medical Research","","2047-783X",2011-01-01,,,,,,"http://www.eurjmedres.com",,"","","fulltext","OA","BioMed Central Ltd"
"EvoDevo","","2041-9139",2010-01-01,,,,,,"http://www.evodevojournal.com",,"","","fulltext","OA","BioMed Central Ltd"
"Experimental & Translational Stroke Medicine","","2040-7378",2009-01-01,,,,,,"http://www.etsmjournal.com",,"","","fulltext","OA","BioMed Central Ltd"
"Experimental Hematology & Oncology","","2162-3619",2012-01-01,,,,,,"http://www.ehoonline.org",,"","","fulltext","OA","BioMed Central Ltd"
"Extreme Physiology & Medicine","","2046-7648",2011-01-01,,,,,,"http://www.extremephysiolmed.com",,"","","fulltext","OA","BioMed Central Ltd"
"Fibrogenesis & Tissue Repair","","1755-1536",2008-01-01,,,,,,"http://www.fibrogenesis.com",,"","","fulltext","OA","BioMed Central Ltd"
"Filaria Journal","","1475-2883",2002-01-01,,,,,,"http://www.filariajournal.com",,"","","fulltext","OA","BioMed Central Ltd"
"Flavour","","2044-7248",2012-01-01,,,,,,"http://www.flavourjournal.com",,"","","fulltext","OA","BioMed Central Ltd"
"Fluids and Barriers of the CNS","","2045-8118",2004-01-01,,,,,,"http://www.fluidsbarrierscns.com",,"","","fulltext","OA","BioMed Central Ltd"
"Frontiers in Zoology","","1742-9994",2004-01-01,,,,,,"http://www.frontiersinzoology.com",,"","","fulltext","OA","BioMed Central Ltd"
"Genetic Vaccines and Therapy","","1479-0556",2003-01-01,,,,,,"http://www.gvt-journal.com",,"","","fulltext","OA","BioMed Central Ltd"
"Genetics Selection Evolution","","1297-9686",1969-01-01,,,,,,"http://www.gsejournal.org",,"","","fulltext","OA","BioMed Central Ltd"
"Genome Integrity","","2041-9414",2010-01-01,,,,,,"http://www.genomeintegrity.com",,"","","fulltext","OA","BioMed Central Ltd"
"GigaScience","","2047-217X",2011-01-01,,,,,,"http://www.gigasciencejournal.com",,"","","fulltext","OA","BioMed Central Ltd"
"Globalization and Health","","1744-8603",2005-01-01,,,,,,"http://www.globalizationandhealth.com",,"","","fulltext","OA","BioMed Central Ltd"
"Gut Pathogens","","1757-4749",2009-01-01,,,,,,"http://www.gutpathogens.com",,"","","fulltext","OA","BioMed Central Ltd"
"Harm Reduction Journal","","1477-7517",2004-01-01,,,,,,"http://www.harmreductionjournal.com",,"","","fulltext","OA","BioMed Central Ltd"
"Head & Face Medicine","","1746-160X",2005-01-01,,,,,,"http://www.head-face-med.com",,"","","fulltext","OA","BioMed Central Ltd"
"Head & Neck Oncology","","1758-3284",2009-01-01,,,,,,"http://www.headandneckoncology.org",,"","","fulltext","OA","BioMed Central Ltd"
"Health Research Policy and Systems","","1478-4505",2003-01-01,,,,,,"http://www.health-policy-systems.com",,"","","fulltext","OA","BioMed Central Ltd"
"Health and Quality of Life Outcomes","","1477-7525",2003-01-01,,,,,,"http://www.hqlo.com",,"","","fulltext","OA","BioMed Central Ltd"
"Hereditary Cancer in Clinical Practice","","1897-4287",2003-01-01,,,,,,"http://www.hccpjournal.com",,"","","fulltext","OA","BioMed Central Ltd"
"Herpesviridae","","2042-4280",2010-01-01,,,,,,"http://www.herpesviridae.org",,"","","fulltext","OA","BioMed Central Ltd"
"Human Genomics","","1479-7364",2003-01-01,,,,,,"http://www.humgenomics.com",,"","","fulltext","OA","BioMed Central Ltd"
"Human Resources for Health","","1478-4491",2003-01-01,,,,,,"http://www.human-resources-health.com",,"","","fulltext","OA","BioMed Central Ltd"
"Immunity & Ageing","","1742-4933",2004-01-01,,,,,,"http://www.immunityageing.com",,"","","fulltext","OA","BioMed Central Ltd"
"Immunome Research","","1745-7580",2005-01-01,,,,,,"http://www.immunome-research.com",,"","","fulltext","OA","BioMed Central Ltd"
"Implementation Science","","1748-5908",2006-01-01,,,,,,"http://www.implementationscience.com",,"","","fulltext","OA","BioMed Central Ltd"
"Infectious Agents and Cancer","","1750-9378",2006-01-01,,,,,,"http://www.infectagentscancer.com",,"","","fulltext","OA","BioMed Central Ltd"
"Infectious Diseases of Poverty","","2049-9957",2012-01-01,,,,,,"http://www.idpjournal.com",,"","","fulltext","OA","BioMed Central Ltd"
"Integrative Omics and Molecular Biology","","2047-9174",2011-01-01,,,,,,"http://www.integrativeomics.org",,"","","fulltext","OA","BioMed Central Ltd"
"International Archives of Medicine","","1755-7682",2008-01-01,,,,,,"http://www.intarchmed.com",,"","","fulltext","OA","BioMed Central Ltd"
"International Breastfeeding Journal","","1746-4358",2006-01-01,,,,,,"http://www.internationalbreastfeedingjournal.com",,"","","fulltext","OA","BioMed Central Ltd"
"International Journal for Equity in Health","","1475-9276",2002-01-01,,,,,,"http://www.equityhealthj.com",,"","","fulltext","OA","BioMed Central Ltd"
"International Journal of Behavioral Nutrition and Physical Activity","","1479-5868",2004-01-01,,,,,,"http://www.ijbnpa.org",,"","","fulltext","OA","BioMed Central Ltd"
"International Journal of Health Geographics","","1476-072X",2002-01-01,,,,,,"http://www.ij-healthgeographics.com",,"","","fulltext","OA","BioMed Central Ltd"
"International Journal of Mental Health Systems","","1752-4458",2007-01-01,,,,,,"http://www.ijmhs.com",,"","","fulltext","OA","BioMed Central Ltd"
"International Journal of Pediatric Endocrinology","","1687-9856",2011-01-01,,,,,,"http://www.ijpeonline.com",,"","","fulltext","OA","BioMed Central Ltd"
"International Seminars in Surgical Oncology","","1477-7800",2004-01-01,,,,,,"http://www.issoonline.com",,"","","fulltext","OA","BioMed Central Ltd"
"Investigative Genetics","","2041-2223",2010-01-01,,,,,,"http://www.investigativegenetics.com",,"","","fulltext","OA","BioMed Central Ltd"
"Iranian Journal of Environmental Health Science & Engineering","","1735-2746",2012-01-01,,,,,,"http://www.ijehse.com",,"","","fulltext","OA","BioMed Central Ltd"
"Irish Veterinary Journal","","2046-0481",2004-01-01,,,,,,"http://www.irishvetjournal.org",,"","","fulltext","OA","BioMed Central Ltd"
"Israel Journal of Health Policy Research","","2045-4015",2012-01-01,,,,,,"http://www.ijhpr.org",,"","","fulltext","OA","BioMed Central Ltd"
"Italian Journal of Pediatrics","","1824-7288",2008-01-01,,,,,,"http://www.ijponline.net",,"","","fulltext","OA","BioMed Central Ltd"
"Journal of Animal Science and Biotechnology","","2049-1891",2012-01-01,,,,,,"http://www.jasbsci.com",,"","","fulltext","OA","BioMed Central Ltd"
"Journal of Autoimmune Diseases","","1740-2557",2004-01-01,,,,,,"http://www.jautoimdis.com",,"","","fulltext","OA","BioMed Central Ltd"
"Journal of Biological Engineering","","1754-1611",2007-01-01,,,,,,"http://www.jbioleng.org",,"","","fulltext","OA","BioMed Central Ltd"
"Journal of Biology","","1475-4924",2002-01-01,,,,,,"http://jbiol.com/",,"","","fulltext","OA","BioMed Central Ltd"
"Journal of Biomedical Discovery and Collaboration","","1747-5333",2006-01-01,,,,,,"http://www.j-biomed-discovery.com",,"","","fulltext","OA","BioMed Central Ltd"
"Journal of Biomedical Semantics","","2041-1480",2010-01-01,,,,,,"http://www.jbiomedsem.com",,"","","fulltext","OA","BioMed Central Ltd"
"Journal of Brachial Plexus and Peripheral Nerve Injury","","1749-7221",2006-01-01,,,,,,"http://www.jbppni.com",,"","","fulltext","OA","BioMed Central Ltd"
"Journal of Carcinogenesis","","1477-3163",2002-01-01,,,,,,"http://www.carcinogenesis.com",,"","","fulltext","OA","BioMed Central Ltd"
"Journal of Cardiothoracic Surgery","","1749-8090",2006-01-01,,,,,,"http://www.cardiothoracicsurgery.org",,"","","fulltext","OA","BioMed Central Ltd"
"Journal of Cardiovascular Magnetic Resonance","","1532-429X",2008-01-01,,,,,,"http://jcmr-online.com",,"","","fulltext","OA","BioMed Central Ltd"
"Journal of Circadian Rhythms","","1740-3391",2003-01-01,,,,,,"http://www.jcircadianrhythms.com",,"","","fulltext","OA","BioMed Central Ltd"
"Journal of Clinical Bioinformatics","","2043-9113",2011-01-01,,,,,,"http://www.jclinbioinformatics.com",,"","","fulltext","OA","BioMed Central Ltd"
"Journal of Diabetes & Metabolic Disorders","","2251-6581",2012-01-01,,,,,,"http://www.jdmdonline.com",,"","","fulltext","OA","BioMed Central Ltd"
"Journal of Ethnobiology and Ethnomedicine","","1746-4269",2005-01-01,,,,,,"http://www.ethnobiomed.com",,"","","fulltext","OA","BioMed Central Ltd"
"Journal of Experimental & Clinical Assisted Reproduction","","1743-1050",2004-01-01,,,,,,"http://www.jexpclinassistreprod.com",,"","","fulltext","OA","BioMed Central Ltd"
"Journal of Experimental & Clinical Cancer Research","","1756-9966",2008-01-01,,,,,,"http://www.jeccr.com",,"","","fulltext","OA","BioMed Central Ltd"
"Journal of Foot and Ankle Research","","1757-1146",2008-01-01,,,,,,"http://www.jfootankleres.com",,"","","fulltext","OA","BioMed Central Ltd"
"Journal of Hematology & Oncology","","1756-8722",2008-01-01,,,,,,"http://www.jhoonline.org",,"","","fulltext","OA","BioMed Central Ltd"
"Journal of Immune Based Therapies and Vaccines","","1476-8518",2003-01-01,,,,,,"http://www.jibtherapies.com",,"","","fulltext","OA","BioMed Central Ltd"
"Journal of Inflammation","","1476-9255",2004-01-01,,,,,,"http://www.journal-inflammation.com",,"","","fulltext","OA","BioMed Central Ltd"
"Journal of Medical Case Reports","","1752-1947",2007-01-01,,,,,,"http://www.jmedicalcasereports.com",,"","","fulltext","OA","BioMed Central Ltd"
"Journal of Molecular Signaling","","1750-2187",2006-01-01,,,,,,"http://www.jmolecularsignaling.com",,"","","fulltext","OA","BioMed Central Ltd"
"Journal of Nanobiotechnology","","1477-3155",2003-01-01,,,,,,"http://www.jnanobiotechnology.com",,"","","fulltext","OA","BioMed Central Ltd"
"Journal of Negative Results in BioMedicine","","1477-5751",2002-01-01,,,,,,"http://www.jnrbm.com",,"","","fulltext","OA","BioMed Central Ltd"
"Journal of NeuroEngineering and Rehabilitation","","1743-0003",2004-01-01,,,,,,"http://www.jneuroengrehab.com",,"","","fulltext","OA","BioMed Central Ltd"
"Journal of Neurodevelopmental Disorders","","1866-1955",2009-01-01,,,,,,"http://www.jneurodevdisorders.com",,"","","fulltext","OA","BioMed Central Ltd"
"Journal of Neuroinflammation","","1742-2094",2004-01-01,,,,,,"http://www.jneuroinflammation.com",,"","","fulltext","OA","BioMed Central Ltd"
"Journal of Occupational Medicine and Toxicology","","1745-6673",2006-01-01,,,,,,"http://www.occup-med.com",,"","","fulltext","OA","BioMed Central Ltd"
"Journal of Orthopaedic Surgery and Research","","1749-799X",2006-01-01,,,,,,"http://www.josr-online.com",,"","","fulltext","OA","BioMed Central Ltd"
"Journal of Ovarian Research","","1757-2215",2008-01-01,,,,,,"http://www.ovarianresearch.com",,"","","fulltext","OA","BioMed Central Ltd"
"Journal of Physiological Anthropology","","1880-6805",2012-01-01,,,,,,"http://www.jphysiolanthropol.com",,"","","fulltext","OA","BioMed Central Ltd"
"Journal of Translational Medicine","","1479-5876",2003-01-01,,,,,,"http://www.translational-medicine.com",,"","","fulltext","OA","BioMed Central Ltd"
"Journal of Trauma Management & Outcomes","","1752-2897",2007-01-01,,,,,,"http://www.traumamanagement.org",,"","","fulltext","OA","BioMed Central Ltd"
"Journal of the International AIDS Society","","1758-2652",2004-01-01,,,,,,"http://www.jiasociety.org/",,"","","fulltext","OA","BioMed Central Ltd"
"Journal of the International Society of Sports Nutrition","","1550-2783",2004-01-01,,,,,,"http://www.jissn.com",,"","","fulltext","OA","BioMed Central Ltd"
"Kinetoplastid Biology and Disease","","1475-9292",2002-01-01,,,,,,"http://www.kinetoplastids.com",,"","","fulltext","OA","BioMed Central Ltd"
"Lipids in Health and Disease","","1476-511X",2002-01-01,,,,,,"http://www.lipidworld.com",,"","","fulltext","OA","BioMed Central Ltd"
"Longevity & Healthspan","","2046-2395",2012-01-01,,,,,,"http://www.longevityandhealthspan.com",,"","","fulltext","OA","BioMed Central Ltd"
"Malaria Journal","","1475-2875",2002-01-01,,,,,,"http://www.malariajournal.com",,"","","fulltext","OA","BioMed Central Ltd"
"Medical Gas Research","","2045-9912",2011-01-01,,,,,,"http://www.medicalgasresearch.com",,"","","fulltext","OA","BioMed Central Ltd"
"Medical Immunology","","1476-9433",2002-01-01,,,,,,"http://www.medimmunol.com",,"","","fulltext","OA","BioMed Central Ltd"
"Microbial Cell Factories","","1475-2859",2002-01-01,,,,,,"http://www.microbialcellfactories.com",,"","","fulltext","OA","BioMed Central Ltd"
"Microbial Informatics and Experimentation","","2042-5783",2011-01-01,,,,,,"http://www.microbialinformaticsj.com",,"","","fulltext","OA","BioMed Central Ltd"
"Mobile DNA","","1759-8753",2010-01-01,,,,,,"http://www.mobilednajournal.com",,"","","fulltext","OA","BioMed Central Ltd"
"Molecular Autism","","2040-2392",2010-01-01,,,,,,"http://www.molecularautism.com",,"","","fulltext","OA","BioMed Central Ltd"
"Molecular Brain","","1756-6606",2008-01-01,,,,,,"http://www.molecularbrain.com",,"","","fulltext","OA","BioMed Central Ltd"
"Molecular Cancer","","1476-4598",2002-01-01,,,,,,"http://www.molecular-cancer.com",,"","","fulltext","OA","BioMed Central Ltd"
"Molecular Cytogenetics","","1755-8166",2008-01-01,,,,,,"http://www.molecularcytogenetics.org",,"","","fulltext","OA","BioMed Central Ltd"
"Molecular Neurodegeneration","","1750-1326",2006-01-01,,,,,,"http://www.molecularneurodegeneration.com",,"","","fulltext","OA","BioMed Central Ltd"
"Molecular Pain","","1744-8069",2005-01-01,,,,,,"http://www.molecularpain.com",,"","","fulltext","OA","BioMed Central Ltd"
"Multidisciplinary Respiratory Medicine","","2049-6958",2006-01-01,,,,,,"http://www.mrmjournal.com",,"","","fulltext","OA","BioMed Central Ltd"
"Neural Development","","1749-8104",2006-01-01,,,,,,"http://www.neuraldevelopment.com",,"","","fulltext","OA","BioMed Central Ltd"
"Neural Systems & Circuits","","2042-1001",2011-01-01,,,,,,"http://www.neuralsystemsandcircuits.com",,"","","fulltext","OA","BioMed Central Ltd"
"Nonlinear Biomedical Physics","","1753-4631",2007-01-01,,,,,,"http://www.nonlinearbiomedphys.com",,"","","fulltext","OA","BioMed Central Ltd"
"Nuclear Receptor","","1478-1336",2003-01-01,,,,,,"http://www.nuclear-receptor.com",,"","","fulltext","OA","BioMed Central Ltd"
"Nutrition & Metabolism","","1743-7075",2004-01-01,,,,,,"http://www.nutritionandmetabolism.com",,"","","fulltext","OA","BioMed Central Ltd"
"Nutrition Journal","","1475-2891",2002-01-01,,,,,,"http://www.nutritionj.com",,"","","fulltext","OA","BioMed Central Ltd"
"Orphanet Journal of Rare Diseases","","1750-1172",2006-01-01,,,,,,"http://www.ojrd.com",,"","","fulltext","OA","BioMed Central Ltd"
"Osteopathic Medicine and Primary Care","","1750-4732",2007-01-01,,,,,,"http://www.om-pc.com",,"","","fulltext","OA","BioMed Central Ltd"
"Parasites & Vectors","","1756-3305",2008-01-01,,,,,,"http://www.parasitesandvectors.com",,"","","fulltext","OA","BioMed Central Ltd"
"Particle and Fibre Toxicology","","1743-8977",2004-01-01,,,,,,"http://www.particleandfibretoxicology.com",,"","","fulltext","OA","BioMed Central Ltd"
"PathoGenetics","","1755-8417",2008-01-01,,,,,,"http://www.pathogeneticsjournal.com",,"","","fulltext","OA","BioMed Central Ltd"
"Patient Safety in Surgery","","1754-9493",2007-01-01,,,,,,"http://www.pssjournal.com",,"","","fulltext","OA","BioMed Central Ltd"
"Pediatric Rheumatology","","1546-0096",2003-01-01,,,,,,"http://www.ped-rheum.com",,"","","fulltext","OA","BioMed Central Ltd"
"Perioperative Medicine","","2047-0525",2011-01-01,,,,,,"http://www.perioperativemedicinejournal.com",,"","","fulltext","OA","BioMed Central Ltd"
"Philosophy, Ethics, and Humanities in Medicine","","1747-5341",2006-01-01,,,,,,"http://www.peh-med.com",,"","","fulltext","OA","BioMed Central Ltd"
"Plant Methods","","1746-4811",2005-01-01,,,,,,"http://www.plantmethods.com",,"","","fulltext","OA","BioMed Central Ltd"
"Population Health Metrics","","1478-7954",2003-01-01,,,,,,"http://www.pophealthmetrics.com",,"","","fulltext","OA","BioMed Central Ltd"
"Progress in Biomaterials","","2194-0517",2012-01-01,,,,,,"http://www.progressbiomaterials.com",,"","","fulltext","OA","Springer"
"Proteome Science","","1477-5956",2003-01-01,,,,,,"http://www.proteomesci.com",,"","","fulltext","OA","BioMed Central Ltd"
"Radiation Oncology","","1748-717X",2006-01-01,,,,,,"http://www.ro-journal.com",,"","","fulltext","OA","BioMed Central Ltd"
"Reproductive Biology and Endocrinology","","1477-7827",2003-01-01,,,,,,"http://www.rbej.com",,"","","fulltext","OA","BioMed Central Ltd"
"Reproductive Health","","1742-4755",2004-01-01,,,,,,"http://www.reproductive-health-journal.com",,"","","fulltext","OA","BioMed Central Ltd"
"Respiratory Research","","1465-9921",2000-01-01,,,,,,"http://respiratory-research.com",,"","","fulltext","OA","BioMed Central Ltd"
"Retrovirology","","1742-4690",2004-01-01,,,,,,"http://www.retrovirology.com",,"","","fulltext","OA","BioMed Central Ltd"
"Scandinavian Journal of Trauma, Resuscitation and Emergency Medicine","","1757-7241",2008-01-01,,,,,,"http://www.sjtrem.com",,"","","fulltext","OA","BioMed Central Ltd"
"Scoliosis","","1748-7161",2006-01-01,,,,,,"http://www.scoliosisjournal.com",,"","","fulltext","OA","BioMed Central Ltd"
"Silence","","1758-907X",2010-01-01,,,,,,"http://www.silencejournal.com",,"","","fulltext","OA","BioMed Central Ltd"
"Skeletal Muscle","","2044-5040",2011-01-01,,,,,,"http://www.skeletalmusclejournal.com",,"","","fulltext","OA","BioMed Central Ltd"
"Source Code for Biology and Medicine","","1751-0473",2006-01-01,,,,,,"http://www.scfbm.org",,"","","fulltext","OA","BioMed Central Ltd"
"Sports Medicine, Arthroscopy, Rehabilitation, Therapy & Technology","","1758-2555",2009-01-01,,,,,,"http://www.smarttjournal.com",,"","","fulltext","OA","BioMed Central Ltd"
"Substance Abuse Treatment, Prevention, and Policy","","1747-597X",2006-01-01,,,,,,"http://www.substanceabusepolicy.com",,"","","fulltext","OA","BioMed Central Ltd"
"Systematic Reviews","","2046-4053",2012-01-01,,,,,,"http://www.systematicreviewsjournal.com",,"","","fulltext","OA","BioMed Central Ltd"
"Theoretical Biology and Medical Modelling","","1742-4682",2004-01-01,,,,,,"http://www.tbiomed.com",,"","","fulltext","OA","BioMed Central Ltd"
"Thrombosis Journal","","1477-9560",2003-01-01,,,,,,"http://www.thrombosisjournal.com",,"","","fulltext","OA","BioMed Central Ltd"
"Thyroid Research","","1756-6614",2008-01-01,,,,,,"http://www.thyroidresearchjournal.com",,"","","fulltext","OA","BioMed Central Ltd"
"Tobacco Induced Diseases","","1617-9625",2002-01-01,,,,,,"http://www.tobaccoinduceddiseases.com",,"","","fulltext","OA","BioMed Central Ltd"
"Translational Neurodegeneration","","2047-9158",2012-01-01,,,,,,"http://www.translationalneurodegeneration.com",,"","","fulltext","OA","BioMed Central Ltd"
"Transplantation Research","","2047-1440",2011-01-01,,,,,,"http://www.transplantationresearch.com",,"","","fulltext","OA","BioMed Central Ltd"
"Trials","","1745-6215",2000-01-01,,,,,,"http://www.trialsjournal.com",,"","","fulltext","OA","BioMed Central Ltd"
"Vascular Cell","","2045-824X",2009-01-01,,,,,,"http://www.vascularcell.com",,"","","fulltext","OA","BioMed Central Ltd"
"Veterinary Research","","1297-9716",2011-01-01,,,,,,"http://www.veterinaryresearch.org",,"","","fulltext","OA","BioMed Central Ltd"
"Virology Journal","","1743-422X",2004-01-01,,,,,,"http://www.virologyj.com",,"","","fulltext","OA","BioMed Central Ltd"
"World Journal of Emergency Surgery","","1749-7922",2006-01-01,,,,,,"http://www.wjes.org",,"","","fulltext","OA","BioMed Central Ltd"
"World Journal of Surgical Oncology","","1477-7819",2003-01-01,,,,,,"http://www.wjso.com",,"","","fulltext","OA","BioMed Central Ltd"
"Journal of Otolaryngology - Head and Neck Surgery","","1916-0216",,,,,,,"http://www.journalotohns.com/",,"","","fulltext","OA",""
